kp_0,kp_1,kp_2,kp_3,kp_4,kp_5,kp_6,kp_7,kp_8,kp_9,kp_10,kp_11,kp_12,kp_13,kp_14,kp_15,kp_16,kp_17,kp_18,kp_19,kp_20,kp_21,kp_22,kp_23,kp_24,kp_25,kp_26,kp_27,kp_28,kp_29,kp_30,kp_31,kp_32,kp_33,kp_34,kp_35,kp_36,kp_37,kp_38,kp_39,kp_40,kp_41,kp_42,kp_43,kp_44,kp_45,kp_46,kp_47,kp_48,kp_49,kp_50,kp_51,kp_52,kp_53,kp_54,kp_55,kp_56,kp_57,kp_58,kp_59,kp_60,kp_61,kp_62,kp_63,kp_64,kp_65,kp_66,kp_67,kp_68,kp_69,kp_70,kp_71,kp_72,kp_73,kp_74,kp_75,kp_76,kp_77,kp_78,kp_79,kp_80,kp_81,kp_82,kp_83,kp_84,kp_85,kp_86,kp_87,kp_88,kp_89,kp_90,kp_91,kp_92,kp_93,kp_94,kp_95,kp_96,kp_97,kp_98,label
0.3418891131877899,0.5919725298881531,-0.17769095301628113,0.33900192379951477,0.5877667665481567,-0.1598944514989853,0.3388107717037201,0.5874685049057007,-0.15985465049743652,0.3385061025619507,0.5871284008026123,-0.15984870493412018,0.3366774916648865,0.5881794691085815,-0.18785430490970612,0.33471381664276123,0.5882474780082703,-0.18786630034446716,0.3322654366493225,0.5883656740188599,-0.187880739569664,0.3282800316810608,0.5884066820144653,-0.0653652474284172,0.3184550106525421,0.5904033184051514,-0.1900574415922165,0.3398374319076538,0.5960916876792908,-0.13886792957782745,0.3354193866252899,0.5964247584342957,-0.17489869892597198,0.32614314556121826,0.6150818467140198,0.07500645518302917,0.30859509110450745,0.6181602478027344,-0.2296822965145111,0.3565153479576111,0.6395928859710693,0.15834163129329681,0.29695674777030945,0.6582133173942566,-0.26435235142707825,0.4079226851463318,0.6488437652587891,0.13955853879451752,0.30137166380882263,0.697003185749054,-0.2663886547088623,0.42251095175743103,0.6503433585166931,0.1485014408826828,0.2943970859050751,0.706104040145874,-0.29144397377967834,0.42497530579566956,0.650155782699585,0.12082735449075699,0.3042776882648468,0.7074999213218689,-0.292441725730896,0.4205120801925659,0.6507495045661926,0.12755826115608215,0.3077475428581238,0.7047560811042786,-0.26484066247940063,0.2833985686302185,0.6784155964851379,0.09917659312486649,0.2854587137699127,0.6808883547782898,-0.09918981045484543,0.2823214828968048,0.7322829961776733,0.13878218829631805,0.35290369391441345,0.7256401777267456,-0.07441092282533646,0.25749897956848145,0.7747515439987183,0.21607688069343567,0.36905595660209656,0.7741743922233582,-0.002646694891154766,0.2475776970386505,0.7815302610397339,0.22107122838497162,0.3639712929725647,0.7832889556884766,0.0024440428242087364,0.290242999792099,0.7887694835662842,0.1818777471780777,0.4022974967956543,0.7821892499923706,-0.03811216354370117,walking
0.4437919855117798,0.6000972986221313,-0.4742446839809418,0.4375426173210144,0.5963391661643982,-0.4497154653072357,0.437217116355896,0.5961126685142517,-0.4497446119785309,0.43696171045303345,0.5959262251853943,-0.4498828649520874,0.43554484844207764,0.5971249341964722,-0.4822126030921936,0.43381187319755554,0.5974098443984985,-0.482308566570282,0.4321206212043762,0.5977094173431396,-0.48238658905029297,0.4284238815307617,0.5973767042160034,-0.31596946716308594,0.42192867398262024,0.5993826389312744,-0.462395042181015,0.4427829086780548,0.6034801602363586,-0.4214704930782318,0.4402602016925812,0.6045781373977661,-0.46409985423088074,0.43369394540786743,0.6170718669891357,-0.15341779589653015,0.4157145321369171,0.6300370693206787,-0.44171932339668274,0.41450950503349304,0.6488360166549683,-0.07171842455863953,0.38981664180755615,0.6633964776992798,-0.48576655983924866,0.41982167959213257,0.6682792901992798,-0.09929019957780838,0.3920102119445801,0.706233561038971,-0.5027875900268555,0.42342039942741394,0.67104172706604,-0.09785960614681244,0.38754355907440186,0.7170023322105408,-0.5488447546958923,0.42535749077796936,0.6743205189704895,-0.13887672126293182,0.39280441403388977,0.720211386680603,-0.5411792993545532,0.42312324047088623,0.6741490960121155,-0.11712060123682022,0.39391690492630005,0.7159154415130615,-0.5017185807228088,0.38348814845085144,0.6588254570960999,0.09566910564899445,0.36402231454849243,0.6657227873802185,-0.09551297128200531,0.414336234331131,0.717292308807373,0.033857543021440506,0.42316144704818726,0.7188385128974915,-0.14313533902168274,0.35915592312812805,0.7615631818771362,0.1590391844511032,0.40609315037727356,0.7707421779632568,-0.03898234665393829,0.33912208676338196,0.7624173760414124,0.16854485869407654,0.3955846130847931,0.78109210729599,-0.029891379177570343,0.3534165024757385,0.787480890750885,0.09731104969978333,0.4151695668697357,0.7903012633323669,-0.10807085037231445,walking
0.46839672327041626,0.6010135412216187,-0.16059747338294983,0.46706268191337585,0.5959826111793518,-0.15010730922222137,0.4664558470249176,0.5955914855003357,-0.1501496583223343,0.4656921625137329,0.595105767250061,-0.15018905699253082,0.46603959798812866,0.5961651802062988,-0.18480156362056732,0.46476975083351135,0.5959424376487732,-0.18481048941612244,0.46330925822257996,0.5956721305847168,-0.1848861277103424,0.454645574092865,0.5949987769126892,-0.0822468027472496,0.4525375962257385,0.59650719165802,-0.2372794896364212,0.4638747274875641,0.6048646569252014,-0.13000187277793884,0.4623352289199829,0.6051151752471924,-0.17532634735107422,0.4333573877811432,0.6163852214813232,0.043232135474681854,0.4451984465122223,0.6247256994247437,-0.2856675088405609,0.4388607144355774,0.6467205882072449,0.14096586406230927,0.46238642930984497,0.6664419770240784,-0.3213915526866913,0.4598226845264435,0.656482458114624,0.12562669813632965,0.4871995747089386,0.6989932060241699,-0.29973646998405457,0.46758756041526794,0.6573902368545532,0.13402290642261505,0.49209338426589966,0.7088955640792847,-0.33114591240882874,0.46587100625038147,0.6576122045516968,0.1046130508184433,0.4953834116458893,0.7083963751792908,-0.3204807937145233,0.4634934961795807,0.6572345495223999,0.1117195263504982,0.4932122826576233,0.704641580581665,-0.2943617105484009,0.438223659992218,0.6838600039482117,0.1023830696940422,0.4335981011390686,0.6887460350990295,-0.10242797434329987,0.4943844974040985,0.7257533073425293,0.0926123782992363,0.44643428921699524,0.7368975281715393,-0.07855372875928879,0.4631861448287964,0.7726336121559143,0.17788901925086975,0.4360596537590027,0.7855912446975708,-0.013604295440018177,0.45394012331962585,0.7844055891036987,0.18373043835163116,0.42606112360954285,0.7944790720939636,-0.01253520417958498,0.5000305771827698,0.7870575189590454,0.14182914793491364,0.4880428612232208,0.7939338684082031,-0.08937995880842209,walking
0.5025204420089722,0.6016453504562378,-0.12074677646160126,0.4992026388645172,0.5969541072845459,-0.11025039106607437,0.4979875981807709,0.5966303944587708,-0.11033076792955399,0.4966374933719635,0.5963047742843628,-0.11041797697544098,0.5000240206718445,0.5977911353111267,-0.1456127166748047,0.4994359314441681,0.5980652570724487,-0.1456553339958191,0.49880263209342957,0.5983297824859619,-0.14572927355766296,0.48682165145874023,0.5976718664169312,-0.05240197479724884,0.4918922781944275,0.6003556847572327,-0.21246209740638733,0.49851444363594055,0.6057992577552795,-0.09520747512578964,0.49930986762046814,0.6066003441810608,-0.1421375572681427,0.46997198462486267,0.6212417483329773,0.050083260983228683,0.48474743962287903,0.6282128691673279,-0.2829154133796692,0.5037565231323242,0.6591104865074158,0.09886761754751205,0.5070640444755554,0.6636159420013428,-0.32832685112953186,0.5443769693374634,0.6825783252716064,0.019560234621167183,0.544801652431488,0.6796281337738037,-0.26146647334098816,0.5565952062606812,0.6877084374427795,0.015348381362855434,0.5540716052055359,0.6852328777313232,-0.2856803834438324,0.5588499307632446,0.6876437067985535,-0.01529690157622099,0.5576474666595459,0.6843019127845764,-0.2725027799606323,0.554998517036438,0.6871955990791321,0.0017749934922903776,0.5510262250900269,0.6820870041847229,-0.2550053298473358,0.47177988290786743,0.6861613392829895,0.11048760265111923,0.47906842827796936,0.6903267502784729,-0.11064139753580093,0.5220323204994202,0.7315824031829834,0.18781103193759918,0.467393696308136,0.7390011548995972,-0.11487869918346405,0.5695766806602478,0.7812535166740417,0.30039742588996887,0.42525526881217957,0.789777398109436,-0.04612831771373749,0.5687853097915649,0.7922899723052979,0.3086675703525543,0.4118017256259918,0.8001114726066589,-0.04353072866797447,0.6123180389404297,0.782625675201416,0.2683761417865753,0.4693078398704529,0.8038727045059204,-0.13702139258384705,walking
0.547085702419281,0.6029759645462036,-0.22244559228420258,0.5433025360107422,0.5988240838050842,-0.20888374745845795,0.5423828959465027,0.5985494256019592,-0.2089260369539261,0.5414057374000549,0.5982457399368286,-0.2089609056711197,0.5430676341056824,0.5991560816764832,-0.24591569602489471,0.5420968532562256,0.5991606116294861,-0.2459568828344345,0.5410881638526917,0.5991449952125549,-0.24602212011814117,0.5314732789993286,0.5995962619781494,-0.13092005252838135,0.5328668355941772,0.6007693409919739,-0.30118313431739807,0.5422766804695129,0.606722891330719,-0.18872743844985962,0.5413655042648315,0.6072423458099365,-0.2385539561510086,0.5156490802764893,0.6220591068267822,0.001329131773672998,0.5234304666519165,0.625852108001709,-0.36205053329467773,0.5178115367889404,0.6611635684967041,0.05275733396410942,0.5559106469154358,0.6623589992523193,-0.4258148968219757,0.5213131308555603,0.69169020652771,-0.01075979694724083,0.611129641532898,0.6856498122215271,-0.40795978903770447,0.521308422088623,0.6984151005744934,-0.017512844875454903,0.6216987371444702,0.6923388838768005,-0.44914504885673523,0.5270721316337585,0.6983118653297424,-0.04520237445831299,0.6262066960334778,0.6923530697822571,-0.4339459240436554,0.527702271938324,0.6961234211921692,-0.026251258328557014,0.6216382384300232,0.6899328827857971,-0.4014003574848175,0.538126528263092,0.6930986046791077,0.11427755653858185,0.5233287811279297,0.6959095001220703,-0.11472521722316742,0.5689575672149658,0.7386916875839233,0.26334643363952637,0.4966394603252411,0.7463731169700623,-0.08750949800014496,0.5923457741737366,0.7874755263328552,0.4576713442802429,0.432162344455719,0.7863181233406067,0.026241380721330643,0.58609938621521,0.7997483015060425,0.473598450422287,0.4098081886768341,0.7935775518417358,0.03377692028880119,0.6389273405075073,0.7920867204666138,0.4247210621833801,0.46942079067230225,0.8055486083030701,-0.061036404222249985,walking
0.6277520656585693,0.5925919413566589,-0.08102583140134811,0.6240906119346619,0.587812602519989,-0.07085640728473663,0.6232309937477112,0.5875962972640991,-0.07085784524679184,0.6222713589668274,0.5873623490333557,-0.0708228275179863,0.6235465407371521,0.5880254507064819,-0.10368096828460693,0.6223573684692383,0.5879948735237122,-0.10367754846811295,0.6211658716201782,0.5879819989204407,-0.10373350977897644,0.6106393337249756,0.589529275894165,-0.008663234300911427,0.6120742559432983,0.5902459621429443,-0.15716220438480377,0.6249075531959534,0.5972387790679932,-0.052983857691287994,0.6238111853599548,0.5975554585456848,-0.09581497311592102,0.5984075665473938,0.6162680983543396,0.09417609125375748,0.5992501974105835,0.6170786619186401,-0.2062116116285324,0.6360635161399841,0.6477727293968201,0.15923303365707397,0.5951231718063354,0.6592302918434143,-0.246877983212471,0.6630338430404663,0.666556179523468,0.10900839418172836,0.6045101284980774,0.6979827284812927,-0.24641384184360504,0.6748946905136108,0.6723085045814514,0.10818539559841156,0.6010414361953735,0.7082554697990417,-0.2760375440120697,0.6776880025863647,0.6721181273460388,0.07810202986001968,0.6044030785560608,0.7088358402252197,-0.27881723642349243,0.6753256320953369,0.6715400815010071,0.09425817430019379,0.6061309576034546,0.7043996453285217,-0.24652957916259766,0.6139236688613892,0.6886220574378967,0.09423468261957169,0.6236869692802429,0.690380334854126,-0.09432870894670486,0.6119717359542847,0.7316627502441406,0.1503203809261322,0.6648880839347839,0.7295851111412048,-0.03765810281038284,0.6057977080345154,0.7829728722572327,0.23135751485824585,0.6314622759819031,0.7799813747406006,0.07072386890649796,0.5955290198326111,0.7951030731201172,0.2363835871219635,0.618503987789154,0.7890464067459106,0.07823987305164337,0.6396534442901611,0.7895890474319458,0.20274528861045837,0.6749246716499329,0.7908651828765869,0.0324074849486351,walking
0.6849716305732727,0.5964311957359314,-0.3508002460002899,0.6783984899520874,0.5919551253318787,-0.32815998792648315,0.6772868037223816,0.5917346477508545,-0.3281721770763397,0.6760255694389343,0.5915130376815796,-0.32824069261550903,0.6780163645744324,0.5924986004829407,-0.36280885338783264,0.6767628788948059,0.5926647186279297,-0.36293748021125793,0.6752880811691284,0.5928204655647278,-0.3630226254463196,0.6641966104507446,0.5942177772521973,-0.21211694180965424,0.6635766625404358,0.5953130125999451,-0.3691864311695099,0.6830356121063232,0.6011513471603394,-0.30504196882247925,0.6826518177986145,0.6015704274177551,-0.35070401430130005,0.654254138469696,0.6203902959823608,-0.0658075138926506,0.6596308946609497,0.6298039555549622,-0.3710182011127472,0.6751586198806763,0.6500232219696045,0.02601253055036068,0.6425333023071289,0.661339521408081,-0.3920741677284241,0.7193851470947266,0.6658920049667358,0.006267637014389038,0.6269980669021606,0.6967031955718994,-0.3987869918346405,0.7273420691490173,0.6706344485282898,0.012933543883264065,0.6146050691604614,0.7065805792808533,-0.43930089473724365,0.7298874258995056,0.6718917489051819,-0.03414035215973854,0.6203719973564148,0.708176851272583,-0.4329797923564911,0.7253973484039307,0.670785665512085,-0.013615024276077747,0.625108003616333,0.7053773403167725,-0.3969036936759949,0.6202781796455383,0.670581042766571,0.09760959446430206,0.608435332775116,0.6765691041946411,-0.09727895259857178,0.6518787741661072,0.7264981865882874,0.024451903998851776,0.6794081330299377,0.7168480753898621,-0.17388170957565308,0.6411206722259521,0.781859815120697,0.08596859872341156,0.6900479793548584,0.7732262015342712,-0.12586654722690582,0.6017682552337646,0.7896156907081604,0.08916327357292175,0.6860670447349548,0.784096896648407,-0.12445858120918274,0.652735710144043,0.792209267616272,0.020435880869627,0.7222298979759216,0.780121386051178,-0.21230441331863403,walking
0.7208817005157471,0.5946661829948425,-0.1600918173789978,0.7180166840553284,0.5897775292396545,-0.15103833377361298,0.7169458866119385,0.5895752310752869,-0.1510775238275528,0.7157875299453735,0.5893417000770569,-0.15108026564121246,0.718454122543335,0.5898681879043579,-0.18515914678573608,0.7178943157196045,0.5898123979568481,-0.185202494263649,0.7173095345497131,0.5897693634033203,-0.18527154624462128,0.7055529952049255,0.5898549556732178,-0.08919080346822739,0.7092474699020386,0.5910633206367493,-0.24570928514003754,0.7151660323143005,0.5986431241035461,-0.1317741423845291,0.7156181335449219,0.5985046625137329,-0.17729952931404114,0.686460554599762,0.6112836003303528,0.023507095873355865,0.7024140954017639,0.6153497099876404,-0.30018553137779236,0.6957258582115173,0.6521462202072144,0.07181444764137268,0.7050227522850037,0.6578935980796814,-0.34084951877593994,0.6985446214675903,0.6809157729148865,0.021254319697618484,0.7058107852935791,0.6922352313995361,-0.33156314492225647,0.6941174268722534,0.6916074156761169,0.018782999366521835,0.7003209590911865,0.7015352845191956,-0.3668658435344696,0.6953852772712708,0.6920132637023926,-0.009575731121003628,0.7011233568191528,0.7024697661399841,-0.3582780957221985,0.7006521224975586,0.6875773668289185,0.006539154332131147,0.7024556398391724,0.698995053768158,-0.32782188057899475,0.7114117741584778,0.686715841293335,0.09913159906864166,0.7106844186782837,0.6882064342498779,-0.09929230064153671,0.7390648126602173,0.7217954993247986,0.21929989755153656,0.6777240037918091,0.7290472984313965,-0.0439976342022419,0.7623666524887085,0.7673710584640503,0.37750425934791565,0.617583692073822,0.7707416415214539,0.09028678387403488,0.7557791471481323,0.7795602083206177,0.3895641267299652,0.600075900554657,0.7787811160087585,0.10059081017971039,0.8063465356826782,0.7780357003211975,0.3499201536178589,0.6451518535614014,0.7882120609283447,0.029745323583483696,walking
0.7451440095901489,0.7266697287559509,0.2785489857196808,0.7499257326126099,0.7280073761940002,0.2884967625141144,0.7503087520599365,0.7274963855743408,0.28853508830070496,0.7507005333900452,0.7269750237464905,0.28845369815826416,0.7503501772880554,0.7303181886672974,0.27281931042671204,0.7511604428291321,0.7310563325881958,0.27287253737449646,0.7518683671951294,0.7318286895751953,0.2728410065174103,0.7540923357009888,0.7254698276519775,0.30517828464508057,0.757158637046814,0.7318439483642578,0.23354434967041016,0.7441995739936829,0.7232041954994202,0.28454092144966125,0.7449355721473694,0.7250261902809143,0.263957679271698,0.7584091424942017,0.6998406052589417,0.26219430565834045,0.7480412721633911,0.7332919239997864,0.13209858536720276,0.752715528011322,0.6599172949790955,0.26287543773651123,0.7263764142990112,0.7515370845794678,0.1141490489244461,0.7448369264602661,0.6259602308273315,0.21708311140537262,0.7320836782455444,0.7674672603607178,0.2650052607059479,0.743830144405365,0.6184031963348389,0.21034382283687592,0.7316817045211792,0.7717422246932983,0.2764417827129364,0.7441530227661133,0.6181600093841553,0.20070810616016388,0.7335382103919983,0.7721415162086487,0.2786206603050232,0.7445006966590881,0.621182918548584,0.20881623029708862,0.7318485975265503,0.7704123258590698,0.2685335576534271,0.7578282952308655,0.6491875052452087,0.06874613463878632,0.7540846467018127,0.6646595597267151,-0.06884721666574478,0.7330755591392517,0.6024760007858276,0.12209095805883408,0.7277992367744446,0.6333096623420715,-0.10164081305265427,0.7553934454917908,0.6226258873939514,0.2728290855884552,0.7671383619308472,0.6529886722564697,0.04947935789823532,0.7532566785812378,0.6322100162506104,0.29038646817207336,0.7705090641975403,0.6605006456375122,0.0677533969283104,0.7697092890739441,0.6174380779266357,0.3245282471179962,0.783652663230896,0.647196352481842,0.09594858437776566,walking
0.7867085933685303,0.5899801850318909,-0.10418111830949783,0.7838178873062134,0.5852088332176208,-0.09497625380754471,0.7833706736564636,0.5849778652191162,-0.09501905739307404,0.7828085422515869,0.5847291946411133,-0.09501006454229355,0.7827602624893188,0.5854629278182983,-0.12351759523153305,0.7816532254219055,0.5854388475418091,-0.12354984134435654,0.7804546356201172,0.5854213833808899,-0.12361432611942291,0.7737013101577759,0.5855993628501892,-0.042460307478904724,0.7724485397338867,0.5868561267852783,-0.17268861830234528,0.7835320830345154,0.5940985083580017,-0.08062796294689178,0.7826440930366516,0.5943337082862854,-0.11860087513923645,0.7418367266654968,0.6071605086326599,0.04467366263270378,0.7750024795532227,0.6096022725105286,-0.22832639515399933,0.7280234694480896,0.6400723457336426,0.07531990110874176,0.8069840669631958,0.6427337527275085,-0.2631516754627228,0.7254675030708313,0.6640704274177551,0.02253955602645874,0.866958737373352,0.6577897667884827,-0.22768369317054749,0.7218525409698486,0.6713477969169617,0.015794524922966957,0.8784692287445068,0.6618791222572327,-0.253522664308548,0.727439284324646,0.6713840365409851,-0.0032497805077582598,0.8809621930122375,0.6590179204940796,-0.2445494830608368,0.730099618434906,0.6689731478691101,0.012190280482172966,0.8768505454063416,0.6576675772666931,-0.2225518822669983,0.7634566426277161,0.6730393767356873,0.09348190575838089,0.778879702091217,0.6769716739654541,-0.09376451373100281,0.7926358580589294,0.7143107056617737,0.20204658806324005,0.7865234613418579,0.7245857119560242,-0.05547793582081795,0.7745848298072815,0.7551494836807251,0.34746554493904114,0.7744275331497192,0.7707601189613342,0.012210104614496231,0.7655817866325378,0.7638923525810242,0.359830379486084,0.7616851925849915,0.779608964920044,0.0145491324365139,0.8057029247283936,0.7647718787193298,0.3323343098163605,0.8086493611335754,0.7812392711639404,-0.06261404603719711,walking
0.8000906705856323,0.5867853164672852,-0.1386207789182663,0.7990305423736572,0.582021176815033,-0.12765216827392578,0.7985804080963135,0.5817562937736511,-0.12769827246665955,0.798035740852356,0.5814214944839478,-0.1277223378419876,0.7978578805923462,0.582197904586792,-0.15778475999832153,0.7966307401657104,0.5821068286895752,-0.15781505405902863,0.7952105402946472,0.581964373588562,-0.15789096057415009,0.7876718044281006,0.581897497177124,-0.06288601458072662,0.7841110229492188,0.5830034017562866,-0.19940410554409027,0.7952829003334045,0.5906848907470703,-0.11021987348794937,0.7934097647666931,0.5909007787704468,-0.14979411661624908,0.7620160579681396,0.6034030318260193,0.03743307292461395,0.7795159816741943,0.6086505651473999,-0.2488895207643509,0.7784290909767151,0.6384831666946411,0.07710890471935272,0.8122705221176147,0.6438097357749939,-0.27992045879364014,0.7973625659942627,0.656463086605072,0.028241347521543503,0.870252251625061,0.6607289910316467,-0.24689407646656036,0.8006613850593567,0.6608456373214722,0.021721744909882545,0.8809296488761902,0.6662667393684387,-0.2783282399177551,0.8051176071166992,0.658419132232666,0.0011766616953536868,0.8852702975273132,0.6626965999603271,-0.26831474900245667,0.8046813607215881,0.6574718952178955,0.016465356573462486,0.8817419409751892,0.6609039306640625,-0.24268776178359985,0.7702560424804688,0.6689286828041077,0.08802855014801025,0.7834295630455017,0.6722649931907654,-0.08822912722826004,0.8020598888397217,0.7047137022018433,0.19939292967319489,0.7793134450912476,0.714681088924408,-0.00288365944288671,0.8128535747528076,0.7455196976661682,0.35688093304634094,0.7586401700973511,0.7620896697044373,0.1330801546573639,0.8089677691459656,0.75309157371521,0.36972445249557495,0.7474766373634338,0.7696232199668884,0.14358900487422943,0.8419944643974304,0.7524778842926025,0.32583391666412354,0.8044091463088989,0.7682895660400391,0.07351388037204742,walking
0.386717826128006,0.581314206123352,-0.30220288038253784,0.3918626010417938,0.5765200853347778,-0.2893776595592499,0.3954398036003113,0.5763775110244751,-0.28942063450813293,0.39885884523391724,0.5762873291969299,-0.2895415723323822,0.38175705075263977,0.5764057636260986,-0.28743743896484375,0.37783879041671753,0.5761871337890625,-0.2874881625175476,0.3741505444049835,0.5759724378585815,-0.28754255175590515,0.4040934145450592,0.5761475563049316,-0.16848509013652802,0.36810043454170227,0.5755814909934998,-0.1579495519399643,0.391649067401886,0.5859924554824829,-0.25147145986557007,0.3808839023113251,0.5857335925102234,-0.24881210923194885,0.42881667613983154,0.596962034702301,-0.05782247707247734,0.3434188663959503,0.5955685377120972,-0.06072600930929184,0.4284117519855499,0.6334361433982849,-0.02269735187292099,0.33866244554519653,0.6277980804443359,-0.02840282768011093,0.425277441740036,0.6570674180984497,-0.1000199094414711,0.33421725034713745,0.6569085717201233,-0.11812109500169754,0.4260730743408203,0.6667343974113464,-0.12508253753185272,0.33188191056251526,0.6651948094367981,-0.14190754294395447,0.4222651720046997,0.6666948795318604,-0.15070757269859314,0.3345223069190979,0.6654684543609619,-0.17509430646896362,0.4203939437866211,0.6639309525489807,-0.11274503916501999,0.337575763463974,0.663162350654602,-0.1330396831035614,0.4080160856246948,0.6593729853630066,0.0022439698223024607,0.35754314064979553,0.6590431928634644,-0.0019129872089251876,0.40268608927726746,0.6787177920341492,-0.41219469904899597,0.36984187364578247,0.6832717061042786,-0.31913241744041443,0.3953110873699188,0.7392051815986633,-0.3365263342857361,0.3703978359699249,0.7406136989593506,-0.2519371509552002,0.3919927179813385,0.7458516359329224,-0.3344457745552063,0.3671024441719055,0.7462210059165955,-0.25007155537605286,0.3871740698814392,0.7658308744430542,-0.49277743697166443,0.3705284893512726,0.7659924626350403,-0.40122878551483154,sitting
0.39103561639785767,0.5731877684593201,-0.4833291471004486,0.3964087665081024,0.5681861042976379,-0.4670986533164978,0.3998600244522095,0.5680031776428223,-0.4671371579170227,0.40293896198272705,0.5679108500480652,-0.46729394793510437,0.385342001914978,0.5684563517570496,-0.4657885432243347,0.3815171420574188,0.5684332847595215,-0.4658932685852051,0.37779107689857483,0.5684140920639038,-0.465944766998291,0.40726330876350403,0.5679319500923157,-0.31975552439689636,0.37184154987335205,0.5684224367141724,-0.31308528780937195,0.3973180651664734,0.5781945586204529,-0.42190250754356384,0.3844354748725891,0.5780487656593323,-0.420337051153183,0.4329046607017517,0.5876227021217346,-0.17869342863559723,0.34586524963378906,0.5877028107643127,-0.16584526002407074,0.42818835377693176,0.6250086426734924,-0.1209881529211998,0.3452882170677185,0.620983362197876,-0.0906791165471077,0.42639338970184326,0.6515346169471741,-0.18230584263801575,0.34478262066841125,0.6501140594482422,-0.13926805555820465,0.42892900109291077,0.6609008312225342,-0.20345664024353027,0.3429282307624817,0.6578351259231567,-0.1540534794330597,0.42799341678619385,0.6601603627204895,-0.2290024310350418,0.3435666859149933,0.6578899621963501,-0.1862255185842514,0.4247267544269562,0.6573904752731323,-0.1935412734746933,0.3469488322734833,0.6558011174201965,-0.15225829184055328,0.41190141439437866,0.6488862633705139,-0.0007379003218375146,0.36210185289382935,0.6490889191627502,0.0010613430058583617,0.4053487181663513,0.6727421283721924,-0.4263654351234436,0.3772527277469635,0.6783797740936279,-0.32306531071662903,0.39989057183265686,0.7310138940811157,-0.31233519315719604,0.3779071569442749,0.7323009967803955,-0.21685706079006195,0.39780181646347046,0.7397568225860596,-0.3067045509815216,0.3759351968765259,0.7393643856048584,-0.21214836835861206,0.3927760422229767,0.7580096125602722,-0.4689602553844452,0.3766510784626007,0.7568590641021729,-0.37333256006240845,sitting
0.3983552157878876,0.5754642486572266,-0.5302377939224243,0.4036589562892914,0.570192813873291,-0.5194754600524902,0.40707507729530334,0.569918155670166,-0.5195187330245972,0.41059085726737976,0.5696709156036377,-0.5196496844291687,0.39413148164749146,0.5703520774841309,-0.513267457485199,0.3905445635318756,0.5702282786369324,-0.5133868455886841,0.38745737075805664,0.5700926780700684,-0.5134588479995728,0.4164276719093323,0.5691181421279907,-0.3850010931491852,0.38059818744659424,0.569713294506073,-0.35802313685417175,0.40377506613731384,0.5798643827438354,-0.4734589755535126,0.392284095287323,0.5797844529151917,-0.46587830781936646,0.440738320350647,0.5883543491363525,-0.2467671036720276,0.3550470769405365,0.5870749950408936,-0.1907123625278473,0.436387836933136,0.623458743095398,-0.16476835310459137,0.35156524181365967,0.6183781027793884,-0.07269535958766937,0.4338255226612091,0.6519573330879211,-0.18583562970161438,0.3480335474014282,0.6496128439903259,-0.08609858900308609,0.4353918135166168,0.6603212952613831,-0.19794897735118866,0.3466933071613312,0.6575812101364136,-0.08500252664089203,0.4344066381454468,0.6609841585159302,-0.22345152497291565,0.34647101163864136,0.6575650572776794,-0.11919375509023666,0.4310159683227539,0.6577315330505371,-0.19469042122364044,0.3483651280403137,0.6553563475608826,-0.09767922013998032,0.4194977581501007,0.6504709720611572,-0.014396452344954014,0.36841946840286255,0.6513196229934692,0.014639063738286495,0.41218042373657227,0.6791613698005676,-0.3971739709377289,0.3857843279838562,0.6875162720680237,-0.09959165751934052,0.3994651138782501,0.7381324172019958,-0.3308510184288025,0.38433122634887695,0.7434795498847961,0.054106663912534714,0.39354223012924194,0.7503651976585388,-0.3305386006832123,0.38747256994247437,0.751160204410553,0.06161908060312271,0.40058353543281555,0.7596145868301392,-0.48510947823524475,0.37700700759887695,0.758830726146698,-0.0785905048251152,sitting
0.38687822222709656,0.5723809003829956,-0.516617476940155,0.3913969099521637,0.5673736333847046,-0.501166582107544,0.39427077770233154,0.5671558380126953,-0.501276969909668,0.39726752042770386,0.5669165849685669,-0.5014566779136658,0.3828488886356354,0.5674510598182678,-0.49985817074775696,0.3795528709888458,0.5673621892929077,-0.4999412000179291,0.3764896094799042,0.5672619342803955,-0.5000094175338745,0.40178340673446655,0.5661253929138184,-0.3471843898296356,0.37058892846107483,0.5670395493507385,-0.33960428833961487,0.3920194208621979,0.5769415497779846,-0.4514949917793274,0.3812834918498993,0.5768134593963623,-0.4496401250362396,0.4310241937637329,0.5857022404670715,-0.2004816085100174,0.3467431962490082,0.58681720495224,-0.18678317964076996,0.4284549355506897,0.6201822757720947,-0.1487904042005539,0.3377775549888611,0.6224319934844971,-0.12938204407691956,0.42306455969810486,0.6529430747032166,-0.21922127902507782,0.3452116847038269,0.6521287560462952,-0.214823380112648,0.42864474654197693,0.664138913154602,-0.24414582550525665,0.3432553708553314,0.6596119999885559,-0.23487453162670135,0.4273918867111206,0.6629543900489807,-0.2670501470565796,0.34461554884910583,0.6585785150527954,-0.27226579189300537,0.42371946573257446,0.6599211096763611,-0.23001232743263245,0.3501943051815033,0.6559444069862366,-0.2310318797826767,0.40735673904418945,0.654187023639679,-0.0022329369094222784,0.36751338839530945,0.6535793542861938,0.002441819990053773,0.4040239453315735,0.6904773712158203,-0.21598288416862488,0.38531383872032166,0.6903891563415527,-0.3386496901512146,0.40353715419769287,0.7435471415519714,-0.1346220225095749,0.3790772557258606,0.7462046146392822,-0.3628368675708771,0.39751604199409485,0.7512508630752563,-0.1335906684398651,0.3808625638484955,0.757283627986908,-0.3718385100364685,0.40035340189933777,0.7556567192077637,-0.27439844608306885,0.3775034248828888,0.753970205783844,-0.5351206064224243,sitting
0.3735564649105072,0.570087730884552,-0.33033567667007446,0.37866687774658203,0.5649049878120422,-0.31018105149269104,0.3817358911037445,0.56473308801651,-0.3103134334087372,0.38469168543815613,0.564581036567688,-0.31050166487693787,0.36906948685646057,0.564906895160675,-0.31049805879592896,0.36604249477386475,0.5647821426391602,-0.31055599451065063,0.3627033829689026,0.564663290977478,-0.31058865785598755,0.38855674862861633,0.5644576549530029,-0.15817216038703918,0.35597410798072815,0.564714252948761,-0.15707172453403473,0.3787565529346466,0.5744892358779907,-0.268273264169693,0.367368221282959,0.5743198394775391,-0.26820108294487,0.41490328311920166,0.581102728843689,-0.04419812932610512,0.3310540020465851,0.5833455324172974,-0.03919972479343414,0.40988439321517944,0.6092217564582825,-0.019040288403630257,0.3274141848087311,0.613475501537323,0.006609071511775255,0.4074794352054596,0.6386970281600952,-0.10861051827669144,0.3238731324672699,0.6452765464782715,-0.06715641915798187,0.41097763180732727,0.6448990106582642,-0.13623763620853424,0.32089269161224365,0.6527280211448669,-0.08472461998462677,0.4099024534225464,0.64376300573349,-0.15690943598747253,0.3216063380241394,0.6518832445144653,-0.11594828963279724,0.40674734115600586,0.6418429017066956,-0.11976408958435059,0.3265484571456909,0.6507370471954346,-0.08064916729927063,0.393932968378067,0.6553680300712585,-0.0021850578486919403,0.3504334092140198,0.6550825834274292,0.0025812748353928328,0.39075055718421936,0.6773330569267273,-0.4138322174549103,0.36582258343696594,0.6764003038406372,-0.4416111409664154,0.38787153363227844,0.7278415560722351,-0.33626291155815125,0.3622685670852661,0.729277491569519,-0.4355170428752899,0.3826567530632019,0.7383959293365479,-0.33518946170806885,0.3605361878871918,0.7340273261070251,-0.44017156958580017,0.38224858045578003,0.7527418732643127,-0.49566248059272766,0.3704458177089691,0.7494121789932251,-0.6105200052261353,sitting
0.37295883893966675,0.5704353451728821,-0.5180916786193848,0.3784852623939514,0.5649476051330566,-0.5099539160728455,0.3815719187259674,0.5646972060203552,-0.5099822878837585,0.38485318422317505,0.5644195675849915,-0.5101190209388733,0.36807700991630554,0.5651150345802307,-0.5094848275184631,0.36467012763023376,0.5649654865264893,-0.5095603466033936,0.36122289299964905,0.5648081302642822,-0.5096330046653748,0.3901122808456421,0.5637752413749695,-0.37553340196609497,0.3545518219470978,0.5644689798355103,-0.3728272616863251,0.3790036141872406,0.5743694305419922,-0.45886075496673584,0.36644813418388367,0.5741859078407288,-0.45840731263160706,0.4176552891731262,0.5817312002182007,-0.23719458281993866,0.32910165190696716,0.581118643283844,-0.22730790078639984,0.4179282784461975,0.6135246157646179,-0.16223491728305817,0.3236662745475769,0.6110477447509766,-0.15198588371276855,0.4153895378112793,0.6422870755195618,-0.22969183325767517,0.32596415281295776,0.6438729763031006,-0.22120659053325653,0.41764700412750244,0.6502347588539124,-0.25089457631111145,0.32620060443878174,0.6516038179397583,-0.2412881702184677,0.41933122277259827,0.6528589725494385,-0.27703824639320374,0.328210711479187,0.6511316895484924,-0.27234914898872375,0.41089481115341187,0.6480094790458679,-0.24103012681007385,0.3323489725589752,0.6490004658699036,-0.23433683812618256,0.39781826734542847,0.6514213681221008,0.0014965347945690155,0.3488028645515442,0.6513121724128723,-0.0014988182811066508,0.3952859044075012,0.6867209672927856,-0.1692773550748825,0.3690304160118103,0.6886659264564514,-0.18924002349376678,0.3875456154346466,0.7335159182548523,0.10356239974498749,0.3621615171432495,0.7333000898361206,0.08878923952579498,0.3837207555770874,0.7376528978347778,0.12613041698932648,0.3583095967769623,0.7379521727561951,0.11317554116249084,0.38150399923324585,0.7582486271858215,0.0028041319455951452,0.36294427514076233,0.7566104531288147,-0.006645388901233673,sitting
0.37034499645233154,0.5688531398773193,-0.49670013785362244,0.37650126218795776,0.5636292099952698,-0.4898986220359802,0.3798115849494934,0.5632637739181519,-0.4899132549762726,0.3830883800983429,0.5628418922424316,-0.4900323748588562,0.36614885926246643,0.5639477372169495,-0.48668500781059265,0.3625865876674652,0.5638241171836853,-0.4867861568927765,0.3593437969684601,0.5636784434318542,-0.48686888813972473,0.3906186521053314,0.5619227886199951,-0.36587801575660706,0.35537055134773254,0.5631629228591919,-0.35045844316482544,0.37745141983032227,0.5734485983848572,-0.44203290343284607,0.36501792073249817,0.5733458995819092,-0.43795767426490784,0.4188787043094635,0.5807381272315979,-0.23075106739997864,0.33094921708106995,0.5790571570396423,-0.21052226424217224,0.4200371503829956,0.6108884215354919,-0.1648971289396286,0.3233935534954071,0.6092145442962646,-0.1461842954158783,0.41925856471061707,0.6398441791534424,-0.2269815057516098,0.3204079270362854,0.6419967412948608,-0.2303934544324875,0.4251587688922882,0.6507869958877563,-0.2489219754934311,0.31748324632644653,0.6503345370292664,-0.25459372997283936,0.4249577224254608,0.6504498720169067,-0.275759756565094,0.31884682178497314,0.6501857042312622,-0.29012230038642883,0.41845643520355225,0.6452488303184509,-0.23859883844852448,0.3218841552734375,0.6480189561843872,-0.24598397314548492,0.3988039791584015,0.6443354487419128,-0.004973461385816336,0.3466953933238983,0.6445326209068298,0.005089984275400639,0.3973878026008606,0.6783474087715149,-0.24747738242149353,0.36027106642723083,0.6777727603912354,-0.26243844628334045,0.3967968225479126,0.7279295921325684,0.0026142732240259647,0.3645798861980438,0.7267695665359497,-0.03692050650715828,0.39238327741622925,0.731802761554718,0.020942753180861473,0.36411067843437195,0.7306120991706848,-0.01932179182767868,0.39065515995025635,0.7526006102561951,-0.11898236721754074,0.365013062953949,0.7493820786476135,-0.15881626307964325,sitting
0.3726688623428345,0.5686511397361755,-0.36554765701293945,0.3775554895401001,0.5641839504241943,-0.3542386293411255,0.3804345428943634,0.5638685822486877,-0.3542608618736267,0.38347166776657104,0.5635428428649902,-0.354373961687088,0.36833736300468445,0.5645747184753418,-0.35302066802978516,0.36511456966400146,0.5644557476043701,-0.35310807824134827,0.36189737915992737,0.5643351078033447,-0.3531695604324341,0.3901999592781067,0.5636016726493835,-0.23459209501743317,0.3568701148033142,0.5641471147537231,-0.22854146361351013,0.37882184982299805,0.5736160278320312,-0.31509044766426086,0.36763671040534973,0.5731083750724792,-0.31363070011138916,0.41856393218040466,0.5835232138633728,-0.12507279217243195,0.33181822299957275,0.5822327136993408,-0.12513607740402222,0.42099517583847046,0.6181088089942932,-0.0775446891784668,0.32543930411338806,0.6154267191886902,-0.08816943317651749,0.416213721036911,0.6442686915397644,-0.14935295283794403,0.3275093138217926,0.6469472050666809,-0.1737518608570099,0.41763368248939514,0.6537525057792664,-0.17408713698387146,0.3265388607978821,0.6544607877731323,-0.19924111664295197,0.41367727518081665,0.6557753086090088,-0.19732216000556946,0.329662948846817,0.6545987725257874,-0.22798387706279755,0.4121788740158081,0.6481128334999084,-0.1603802591562271,0.33121931552886963,0.6520481109619141,-0.18680237233638763,0.3998052477836609,0.6490145325660706,0.002674696035683155,0.34813693165779114,0.649307131767273,-0.0025370267685502768,0.4002440273761749,0.6771876215934753,-0.3622465133666992,0.36070719361305237,0.6781632304191589,-0.3340599834918976,0.4001981019973755,0.727634847164154,-0.13706564903259277,0.3628067076206207,0.7265552878379822,-0.13879939913749695,0.3943769335746765,0.7326657176017761,-0.11931943893432617,0.3634079098701477,0.7308833599090576,-0.12340133637189865,0.3921191096305847,0.7514662742614746,-0.25857940316200256,0.36561280488967896,0.7489060163497925,-0.26702678203582764,sitting
0.37406861782073975,0.5695724487304688,-0.3994089663028717,0.37959760427474976,0.5640552639961243,-0.3909170925617218,0.3833426535129547,0.5637495517730713,-0.39094892144203186,0.3866294324398041,0.5634658336639404,-0.3911038339138031,0.3690963387489319,0.5643677115440369,-0.38822731375694275,0.3656298816204071,0.5642588138580322,-0.3882964551448822,0.3622426390647888,0.5641295909881592,-0.38834449648857117,0.39310410618782043,0.5626320242881775,-0.2700074017047882,0.3595472276210785,0.5631980895996094,-0.2565048038959503,0.3807964026927948,0.5738075971603394,-0.3466303050518036,0.36853089928627014,0.5735360383987427,-0.34305164217948914,0.4198984205722809,0.5801228284835815,-0.15344160795211792,0.33631888031959534,0.5786255598068237,-0.13833966851234436,0.41942161321640015,0.612884521484375,-0.10357226431369781,0.3315753936767578,0.6078529357910156,-0.10059861093759537,0.4145996868610382,0.640210747718811,-0.16059507429599762,0.34106752276420593,0.6373938918113708,-0.17703014612197876,0.41596782207489014,0.6474872827529907,-0.18146125972270966,0.3427543342113495,0.6446541547775269,-0.19845837354660034,0.4135827422142029,0.6463415622711182,-0.20223169028759003,0.3432212173938751,0.6440073847770691,-0.22518669068813324,0.41123324632644653,0.6440372467041016,-0.17010124027729034,0.3443284332752228,0.6427015662193298,-0.1895562708377838,0.3999781012535095,0.6452231407165527,-0.0006916379206813872,0.34911826252937317,0.6460109949111938,0.0008335884776897728,0.40219399333000183,0.676264226436615,-0.33801984786987305,0.36254140734672546,0.6770385503768921,-0.3099620044231415,0.400614470243454,0.7260482907295227,-0.10001930594444275,0.3663915693759918,0.7246852517127991,-0.09478529542684555,0.39554154872894287,0.7311689853668213,-0.08117878437042236,0.3680051565170288,0.7294861674308777,-0.07725130021572113,0.3933090567588806,0.7505545020103455,-0.21661265194416046,0.3642755150794983,0.7480846047401428,-0.2150198370218277,sitting
0.5045529007911682,0.5659364461898804,-0.5372757315635681,0.5145874619483948,0.5581313371658325,-0.521777331829071,0.5197693109512329,0.5580344200134277,-0.5217863917350769,0.5240866541862488,0.5580137372016907,-0.5218187570571899,0.49854576587677,0.5583078861236572,-0.5209901928901672,0.4935377240180969,0.5582565069198608,-0.5210480093955994,0.4888041317462921,0.5582076907157898,-0.5210914015769958,0.5341714024543762,0.5590029358863831,-0.373425155878067,0.4856080412864685,0.5590769648551941,-0.37208059430122375,0.5153133273124695,0.5730931162834167,-0.4761728346347809,0.49677160382270813,0.5735021233558655,-0.4760366678237915,0.5702283382415771,0.5981488227844238,-0.24498894810676575,0.452330619096756,0.593478798866272,-0.2341257780790329,0.5853219628334045,0.6497882604598999,-0.17976628243923187,0.43515297770500183,0.6491225361824036,-0.17523032426834106,0.5913408398628235,0.6985253691673279,-0.3049401342868805,0.42473718523979187,0.7007381916046143,-0.29917940497398376,0.5968601703643799,0.7149266600608826,-0.3471396267414093,0.4187975525856018,0.7166674733161926,-0.33775827288627625,0.587071418762207,0.713394820690155,-0.3866242468357086,0.4302004277706146,0.7170666456222534,-0.38286712765693665,0.5828227996826172,0.7087014317512512,-0.322079062461853,0.43509456515312195,0.7126794457435608,-0.31854182481765747,0.5383042693138123,0.6925697922706604,-0.007042256183922291,0.47303900122642517,0.6916989088058472,0.006894427817314863,0.52724289894104,0.7590876221656799,0.041974857449531555,0.4898150861263275,0.7583455443382263,0.06321527063846588,0.5213586091995239,0.8182734251022339,0.31839779019355774,0.4970604181289673,0.8183877468109131,0.33393678069114685,0.5192930698394775,0.8241768479347229,0.3373788893222809,0.499435156583786,0.8239826560020447,0.3531319200992584,0.5314139127731323,0.8442721366882324,0.19286717474460602,0.4873284697532654,0.8446953296661377,0.20074628293514252,standing
0.4967041015625,0.5741478800773621,-0.5561543703079224,0.505885660648346,0.5669281482696533,-0.5417957305908203,0.5115991830825806,0.5666360855102539,-0.5418004393577576,0.5160912275314331,0.56637042760849,-0.5418278574943542,0.4902065396308899,0.5669112205505371,-0.5396466851234436,0.4856345057487488,0.5665911436080933,-0.539705216884613,0.48215314745903015,0.5663653612136841,-0.5397471785545349,0.525463342666626,0.5673755407333374,-0.3944757282733917,0.47936388850212097,0.5673317909240723,-0.38680070638656616,0.5074092745780945,0.5812180042266846,-0.49536511301994324,0.48876598477363586,0.5809930562973022,-0.4933772683143616,0.5661029815673828,0.6078961491584778,-0.2545817494392395,0.44627296924591064,0.6019811034202576,-0.24889914691448212,0.5794917941093445,0.6611438393592834,-0.18194641172885895,0.42632579803466797,0.6568104028701782,-0.18700885772705078,0.5870944261550903,0.7089852690696716,-0.3075442910194397,0.4151003956794739,0.7086399793624878,-0.3122682273387909,0.5916621685028076,0.7239199280738831,-0.348152756690979,0.40843746066093445,0.7240777015686035,-0.35084739327430725,0.5831001996994019,0.7227212190628052,-0.3893068730831146,0.41932496428489685,0.7246490120887756,-0.3961924910545349,0.5787909030914307,0.7184317111968994,-0.32517707347869873,0.42556875944137573,0.7205725312232971,-0.33156993985176086,0.5308088064193726,0.699869692325592,0.0023719300515949726,0.4664590060710907,0.6986536383628845,-0.002563760383054614,0.5200218558311462,0.7682303190231323,0.042763371020555496,0.4851725399494171,0.7657209038734436,0.021778348833322525,0.5148922204971313,0.8281903862953186,0.34892144799232483,0.4887300729751587,0.8281364440917969,0.3008819818496704,0.5103041529655457,0.8325412273406982,0.37099939584732056,0.4891670048236847,0.8330246210098267,0.3209143877029419,0.5260559320449829,0.8563466668128967,0.2210480123758316,0.4861465096473694,0.8566887378692627,0.15823298692703247,standing
0.4940032958984375,0.5728058218955994,-0.5860573053359985,0.5034460425376892,0.5653084516525269,-0.5713198184967041,0.508516252040863,0.5651835799217224,-0.5713262557983398,0.5135369896888733,0.5651357173919678,-0.571380078792572,0.48740100860595703,0.56540846824646,-0.5694658756256104,0.48238229751586914,0.5652440786361694,-0.5695264935493469,0.4777928590774536,0.565220296382904,-0.5695754289627075,0.5233529210090637,0.5668315291404724,-0.4217160940170288,0.47359222173690796,0.5668818354606628,-0.4150732457637787,0.5048949718475342,0.5795305371284485,-0.524279773235321,0.48658907413482666,0.5792598724365234,-0.5226745009422302,0.5605148077011108,0.6072840690612793,-0.28727108240127563,0.440896600484848,0.6018818020820618,-0.2646356225013733,0.5767419934272766,0.6615545749664307,-0.21528270840644836,0.41951751708984375,0.6562299132347107,-0.19652709364891052,0.585357129573822,0.7107897400856018,-0.3361920714378357,0.4103170335292816,0.7094056606292725,-0.3258501887321472,0.5886232852935791,0.7262939810752869,-0.37813037633895874,0.40551847219467163,0.7243103384971619,-0.3650721311569214,0.5796739459037781,0.7255898714065552,-0.42026084661483765,0.413758784532547,0.7245921492576599,-0.41302794218063354,0.5761464834213257,0.7208648920059204,-0.3539981544017792,0.4188464283943176,0.7203722596168518,-0.3465198576450348,0.5272086262702942,0.7000960111618042,-0.007081796880811453,0.4630368649959564,0.698665976524353,0.00690270634368062,0.5160631537437439,0.7693436741828918,0.011988136917352676,0.4774983525276184,0.7662582397460938,0.03764653205871582,0.5120896100997925,0.827568531036377,0.3757854104042053,0.48571905493736267,0.8279635310173035,0.36042526364326477,0.5092464089393616,0.8319350481033325,0.4032752215862274,0.4883061647415161,0.8324757814407349,0.38464948534965515,0.5150853395462036,0.8580325841903687,0.24573352932929993,0.4775444269180298,0.8577441573143005,0.2182677686214447,standing
0.48892462253570557,0.5717185735702515,-0.5646312832832336,0.4994834065437317,0.5643867254257202,-0.5486364960670471,0.5048516988754272,0.5642732977867126,-0.54863041639328,0.5091155171394348,0.5642816424369812,-0.5486605167388916,0.48358380794525146,0.5641403794288635,-0.5480576753616333,0.478902131319046,0.5639663934707642,-0.5481143593788147,0.4744846522808075,0.5639206171035767,-0.5481469035148621,0.5193596482276917,0.5656819343566895,-0.39523759484291077,0.47204720973968506,0.5648000240325928,-0.3958401679992676,0.5002701282501221,0.5790473222732544,-0.5019466876983643,0.4814912974834442,0.5788545608520508,-0.5023605227470398,0.5567716956138611,0.6065037250518799,-0.255450040102005,0.4391597509384155,0.5996662378311157,-0.258611261844635,0.5712738037109375,0.6595011353492737,-0.1786961406469345,0.41684672236442566,0.6535241603851318,-0.20135578513145447,0.5802875757217407,0.709378182888031,-0.2982945442199707,0.40601131319999695,0.7058854699134827,-0.32928454875946045,0.5837266445159912,0.7243557572364807,-0.3388507664203644,0.40001633763313293,0.7208313345909119,-0.3692261874675751,0.5735416412353516,0.7234894037246704,-0.38033929467201233,0.41271311044692993,0.7214922308921814,-0.4143383800983429,0.5699487924575806,0.7188525199890137,-0.31602028012275696,0.4176830053329468,0.7171722054481506,-0.34855884313583374,0.5209597945213318,0.700032651424408,0.00260840798728168,0.4566228687763214,0.6986417174339294,-0.0027862372808158398,0.5109810829162598,0.766936719417572,0.05825507640838623,0.47440099716186523,0.7654455900192261,0.023259086534380913,0.5066255331039429,0.827189028263092,0.3684115707874298,0.4807876944541931,0.8281941413879395,0.30128028988838196,0.5026049017906189,0.8320920467376709,0.39087235927581787,0.48260200023651123,0.8337550759315491,0.3208123743534088,0.5198026895523071,0.856505811214447,0.24281860888004303,0.47667381167411804,0.8572256565093994,0.15616612136363983,standing
0.4901869595050812,0.5721558928489685,-0.5631186366081238,0.4997696578502655,0.5645759701728821,-0.5477908849716187,0.5054540634155273,0.5643554329872131,-0.5478031635284424,0.5095855593681335,0.5642871856689453,-0.5478421449661255,0.4844376742839813,0.5646888017654419,-0.546550452709198,0.4797043800354004,0.5645955801010132,-0.5465980172157288,0.4757474362850189,0.5645508766174316,-0.5466309189796448,0.5202666521072388,0.565370500087738,-0.3943484127521515,0.4740999937057495,0.5652630925178528,-0.39172178506851196,0.501487135887146,0.5792820453643799,-0.5000354647636414,0.4828544855117798,0.5794966816902161,-0.49953141808509827,0.5602787137031555,0.6060703992843628,-0.2504233419895172,0.44047826528549194,0.5999583601951599,-0.2540420591831207,0.5740896463394165,0.6599428653717041,-0.17044545710086823,0.4198344945907593,0.6543293595314026,-0.19153264164924622,0.5834256410598755,0.7099468111991882,-0.2898521423339844,0.4069287180900574,0.7071189880371094,-0.3218017816543579,0.5862287878990173,0.7245965600013733,-0.32968318462371826,0.40174490213394165,0.7217944264411926,-0.3621475100517273,0.5751516222953796,0.7234838008880615,-0.3714618980884552,0.4126686453819275,0.722491443157196,-0.40779826045036316,0.571441650390625,0.7186524868011475,-0.3074394166469574,0.4172711968421936,0.7180455327033997,-0.34136244654655457,0.5224754810333252,0.7005963325500488,0.009799190796911716,0.4570947289466858,0.6984700560569763,-0.009981811977922916,0.5140652656555176,0.7676038146018982,0.05030507594347,0.4766550362110138,0.7649956941604614,-0.00028068950632587075,0.5098638534545898,0.827229917049408,0.3803887665271759,0.4840479791164398,0.8278955817222595,0.2869716286659241,0.5052902102470398,0.8317258358001709,0.40518447756767273,0.4860072433948517,0.832708477973938,0.3079473078250885,0.5255703926086426,0.8572739958763123,0.25766125321388245,0.4855155646800995,0.858190655708313,0.14147602021694183,standing
0.498182088136673,0.5721997618675232,-0.5930220484733582,0.5076599717140198,0.5647265911102295,-0.5788470506668091,0.5135527849197388,0.5643095970153809,-0.5788617730140686,0.5181750059127808,0.5639700889587402,-0.5789163112640381,0.49187082052230835,0.565022885799408,-0.5760787725448608,0.48741188645362854,0.5647637248039246,-0.5761407613754272,0.4840596318244934,0.5645592212677002,-0.5761871337890625,0.5282079577445984,0.5653170347213745,-0.4285048246383667,0.4823073148727417,0.5657428503036499,-0.4181848466396332,0.5094702839851379,0.579037070274353,-0.5308054685592651,0.4908103942871094,0.5790075659751892,-0.5281577706336975,0.5680605173110962,0.6052107214927673,-0.2856222987174988,0.44798508286476135,0.6008666157722473,-0.27165305614471436,0.5842475891113281,0.6600205898284912,-0.20719905197620392,0.4264618158340454,0.655271053314209,-0.20150834321975708,0.5928817391395569,0.7113837599754333,-0.31614604592323303,0.413460373878479,0.7090672850608826,-0.32738247513771057,0.5975038409233093,0.7265151143074036,-0.35585132241249084,0.40827709436416626,0.7228748798370361,-0.36692512035369873,0.5874254703521729,0.7256064414978027,-0.39561960101127625,0.4171658158302307,0.7230644822120667,-0.413849800825119,0.5835142731666565,0.7208737730979919,-0.33249813318252563,0.4221525490283966,0.7186947464942932,-0.3475462794303894,0.5305583477020264,0.7001320123672485,0.0034015558194369078,0.4651678204536438,0.6981251835823059,-0.0035933800972998142,0.5190696716308594,0.7692947387695312,0.04685351625084877,0.48172834515571594,0.7647743225097656,-0.00034685080754570663,0.5189138054847717,0.8268765211105347,0.40738537907600403,0.4935464859008789,0.8288867473602295,0.2967483103275299,0.5144233107566833,0.8307251334190369,0.4355488419532776,0.49502235651016235,0.8336133360862732,0.31874099373817444,0.5312639474868774,0.8575847744941711,0.28360873460769653,0.4976464509963989,0.8590646386146545,0.14523695409297943,standing
0.5004572868347168,0.5683392286300659,-0.5742736458778381,0.5095648169517517,0.5611454248428345,-0.5555087924003601,0.5151293277740479,0.561019778251648,-0.5554950833320618,0.5201488733291626,0.5609019994735718,-0.5555095672607422,0.4935086965560913,0.5614379048347473,-0.554870069026947,0.48835790157318115,0.5614579916000366,-0.5549322366714478,0.4843379259109497,0.56144118309021,-0.5549374222755432,0.5277287364006042,0.562454342842102,-0.39490482211112976,0.4820364713668823,0.562863290309906,-0.39590147137641907,0.511290967464447,0.5750374794006348,-0.5099312663078308,0.4920916259288788,0.5753457546234131,-0.5102541446685791,0.5676308274269104,0.6032180190086365,-0.25603732466697693,0.4476960003376007,0.5987476110458374,-0.2620960474014282,0.5816327333450317,0.6562702059745789,-0.18606480956077576,0.42217880487442017,0.6535236835479736,-0.20662502944469452,0.5895149111747742,0.7078855037689209,-0.3297559916973114,0.41185128688812256,0.7057723999023438,-0.3384077250957489,0.5940226316452026,0.7245957851409912,-0.3773888945579529,0.40397197008132935,0.721771776676178,-0.3843297064304352,0.5843028426170349,0.722616970539093,-0.4192347526550293,0.4169310927391052,0.7217155694961548,-0.4268355965614319,0.5802209377288818,0.7174709439277649,-0.3488445580005646,0.4222638010978699,0.7174596190452576,-0.3574429452419281,0.5308600664138794,0.7000300884246826,0.0030088715720921755,0.4622027575969696,0.6982292532920837,-0.003224305808544159,0.5207221508026123,0.7670291662216187,0.0819101333618164,0.47783592343330383,0.7664477229118347,0.06495204567909241,0.517436683177948,0.8262113928794861,0.40522852540016174,0.48969271779060364,0.8244040608406067,0.37659332156181335,0.5117453336715698,0.8322709202766418,0.43010178208351135,0.48946893215179443,0.8301759362220764,0.4003213942050934,0.5313089489936829,0.8574842810630798,0.2849369943141937,0.48929861187934875,0.8558502197265625,0.23860859870910645,standing
0.5049376487731934,0.5655262470245361,-0.5321322679519653,0.5141730308532715,0.5582805871963501,-0.5133621692657471,0.51988685131073,0.5581684708595276,-0.5133695602416992,0.5252668857574463,0.558118462562561,-0.5133830904960632,0.49854958057403564,0.5580416917800903,-0.5128033757209778,0.4941313564777374,0.5578635931015015,-0.5128424763679504,0.49105703830718994,0.5577589869499207,-0.5128451585769653,0.5339218974113464,0.5600554347038269,-0.3564120829105377,0.48915955424308777,0.5590524673461914,-0.35643285512924194,0.5160086750984192,0.5729175209999084,-0.4693765342235565,0.49750837683677673,0.5727075338363647,-0.4696047604084015,0.5734065771102905,0.6025587916374207,-0.21980148553848267,0.45420125126838684,0.5963671207427979,-0.22887378931045532,0.5869069695472717,0.6547498106956482,-0.14897912740707397,0.4317483603954315,0.6477358341217041,-0.1683669090270996,0.5965780019760132,0.7066061496734619,-0.28222912549972534,0.4185710549354553,0.6994547247886658,-0.29831257462501526,0.5997838377952576,0.7213330864906311,-0.32400280237197876,0.41062483191490173,0.7156235575675964,-0.34091052412986755,0.5893477201461792,0.719890832901001,-0.36734944581985474,0.4233531355857849,0.7160706520080566,-0.3867352306842804,0.5855448246002197,0.715077817440033,-0.3013039231300354,0.4287177622318268,0.7118420600891113,-0.31850212812423706,0.5346682071685791,0.6956247687339783,0.008551554754376411,0.468076229095459,0.6933099031448364,-0.00872933492064476,0.5263052582740784,0.7639546394348145,0.07023658603429794,0.4880068600177765,0.7597697377204895,-0.00016724549641367048,0.523727536201477,0.8249289989471436,0.3619903028011322,0.49481868743896484,0.8251283168792725,0.2569988965988159,0.5178817510604858,0.829940915107727,0.38249751925468445,0.4943666458129883,0.8302860260009766,0.2739218771457672,0.5385502576828003,0.8555570244789124,0.22881650924682617,0.4958219528198242,0.8545445203781128,0.10283303260803223,standing
0.6258018612861633,0.6719214916229248,-0.1073698103427887,0.6336912512779236,0.671115517616272,-0.09730000048875809,0.6347470879554749,0.6705787777900696,-0.09721177071332932,0.6358100771903992,0.6699947714805603,-0.097206249833107,0.6322708129882812,0.6711739301681519,-0.130778506398201,0.6324588656425476,0.670770525932312,-0.13079924881458282,0.6326201558113098,0.6703726649284363,-0.13080309331417084,0.6360381841659546,0.6638398170471191,-0.045695699751377106,0.6316186785697937,0.6653096675872803,-0.20048639178276062,0.6203986406326294,0.6684964299201965,-0.084065280854702,0.6197217702865601,0.6687471866607666,-0.12876607477664948,0.6167435050010681,0.6517722606658936,0.048809874802827835,0.611113429069519,0.6593270897865295,-0.25063931941986084,0.6104730367660522,0.68319171667099,0.11199851334095001,0.6104224920272827,0.6972647309303284,-0.3626410663127899,0.6088564395904541,0.7168667316436768,-0.01674533262848854,0.6173495650291443,0.7306535243988037,-0.36174848675727844,0.6162720918655396,0.7226436734199524,-0.013091953471302986,0.6244069933891296,0.736270010471344,-0.4048233926296234,0.6144880652427673,0.7257896065711975,-0.054610900580883026,0.6261813640594482,0.7352426052093506,-0.3749997317790985,0.6106602549552917,0.7253932952880859,-0.03653305023908615,0.6226531863212585,0.7336331605911255,-0.3514098525047302,0.5319817066192627,0.6157580018043518,0.09821399301290512,0.5240647792816162,0.621674120426178,-0.09818574041128159,0.539277970790863,0.6666630506515503,0.10479242354631424,0.5422210097312927,0.6709092259407043,-0.11177355796098709,0.5546377301216125,0.7187302708625793,0.19295991957187653,0.5528930425643921,0.722768247127533,-0.0344255305826664,0.5508557558059692,0.7252465486526489,0.19694660604000092,0.5478106141090393,0.7319592237472534,-0.03530393913388252,0.596775233745575,0.7290211915969849,0.11893250048160553,0.5964514017105103,0.7346603870391846,-0.13691915571689606,bending
0.6279399394989014,0.670477569103241,-0.15856443345546722,0.6352570652961731,0.6693027019500732,-0.15225429832935333,0.6361521482467651,0.6687204837799072,-0.15215541422367096,0.6369931697845459,0.6680907011032104,-0.15214377641677856,0.6335424780845642,0.6695185303688049,-0.18460139632225037,0.6333803534507751,0.6691584587097168,-0.1846158355474472,0.633158802986145,0.6687998175621033,-0.18460756540298462,0.6370944380760193,0.6627453565597534,-0.10505115240812302,0.6325950622558594,0.6638458967208862,-0.2552708685398102,0.6231893301010132,0.6675390601158142,-0.13566745817661285,0.621853232383728,0.6678820848464966,-0.17927595973014832,0.6220291256904602,0.6514420509338379,-0.009460553526878357,0.6118870377540588,0.658380389213562,-0.30087190866470337,0.6124086380004883,0.6825028657913208,0.0463717095553875,0.6038842797279358,0.6936216950416565,-0.38734105229377747,0.6080614328384399,0.7102904915809631,-0.05913539230823517,0.6056094765663147,0.7258514761924744,-0.3759251832962036,0.6183884143829346,0.7155413627624512,-0.06417244672775269,0.6092215776443481,0.7336935997009277,-0.42142200469970703,0.6195147037506104,0.7180256843566895,-0.10381375998258591,0.6134414672851562,0.7335456609725952,-0.4026498794555664,0.6089158654212952,0.719934344291687,-0.07907517999410629,0.6116354465484619,0.7315313816070557,-0.37021154165267944,0.5377047657966614,0.6134608387947083,0.09616656601428986,0.5249599814414978,0.6219272613525391,-0.09617564082145691,0.5503185987472534,0.6656405925750732,0.10398533195257187,0.5458754301071167,0.6691997051239014,-0.10289383679628372,0.5567916035652161,0.7145215272903442,0.21640487015247345,0.5518594980239868,0.7206954956054688,-0.005326576065272093,0.5515768527984619,0.7215739488601685,0.22246915102005005,0.5421351790428162,0.7296174168586731,-0.003353692125529051,0.5929827094078064,0.7257508039474487,0.1484023779630661,0.5932570099830627,0.7339385747909546,-0.10352012515068054,bending
0.6304579973220825,0.6616688966751099,-0.24272026121616364,0.6375489830970764,0.6602239012718201,-0.23078672587871552,0.6386359930038452,0.6597790122032166,-0.23072589933872223,0.6397762894630432,0.659252405166626,-0.23075933754444122,0.6360076069831848,0.6601126194000244,-0.26448366045951843,0.636050283908844,0.6596727967262268,-0.26450762152671814,0.6361095905303955,0.6591995358467102,-0.2644753158092499,0.64164799451828,0.6531386971473694,-0.15829229354858398,0.6367521286010742,0.6535006165504456,-0.31468498706817627,0.6272792816162109,0.6591792702674866,-0.21222835779190063,0.6257975101470947,0.6591892242431641,-0.25744348764419556,0.6263904571533203,0.6429938673973083,-0.051671840250492096,0.6134235858917236,0.6468743681907654,-0.35525667667388916,0.6143994927406311,0.6778169274330139,-0.01646469533443451,0.6042762994766235,0.6828048229217529,-0.44284385442733765,0.6012610197067261,0.7137282490730286,-0.12055546790361404,0.588521420955658,0.7209373116493225,-0.4256170094013214,0.6030605435371399,0.7199919819831848,-0.13173076510429382,0.5839270949363708,0.7278786301612854,-0.47210928797721863,0.6013849377632141,0.7221422791481018,-0.16863253712654114,0.5900396704673767,0.7284297347068787,-0.4550926983356476,0.599350094795227,0.7207150459289551,-0.14058689773082733,0.5906415581703186,0.7263227105140686,-0.421089231967926,0.5428741574287415,0.6128766536712646,0.09862296283245087,0.5278472304344177,0.615963339805603,-0.09862899780273438,0.551366925239563,0.666372537612915,0.061926648020744324,0.5390945076942444,0.6660643815994263,-0.14404699206352234,0.5600388646125793,0.7198154926300049,0.12708434462547302,0.5572270154953003,0.7218159437179565,-0.07942808419466019,0.5524199604988098,0.7277588844299316,0.12850379943847656,0.5485614538192749,0.7278015613555908,-0.08052239567041397,0.5921115875244141,0.7392695546150208,0.04486255347728729,0.5920535922050476,0.7317355871200562,-0.1893635094165802,bending
0.6346241235733032,0.6494324207305908,-0.3794948160648346,0.6426870822906494,0.6477685570716858,-0.3751724362373352,0.6439248323440552,0.6470089554786682,-0.37510907649993896,0.6451757550239563,0.6461889743804932,-0.37519371509552,0.640148401260376,0.6483797430992126,-0.40632593631744385,0.6395847797393799,0.6481589078903198,-0.4063816964626312,0.6389688849449158,0.6479260921478271,-0.40633293986320496,0.6435978412628174,0.6399943828582764,-0.3029981553554535,0.6358535885810852,0.6431266665458679,-0.4476214647293091,0.6292803883552551,0.6464157700538635,-0.34551531076431274,0.6274467706680298,0.6471272110939026,-0.3877604305744171,0.6262771487236023,0.6269770264625549,-0.162018284201622,0.5989298224449158,0.6385455131530762,-0.4333536922931671,0.6233810782432556,0.658496081829071,-0.08284632116556168,0.600218653678894,0.6739948987960815,-0.46113598346710205,0.6149164438247681,0.6865527033805847,-0.16450487077236176,0.5995606184005737,0.707744836807251,-0.38806936144828796,0.6283873319625854,0.7009793519973755,-0.17648734152317047,0.5975484848022461,0.7169157862663269,-0.42339450120925903,0.6237441897392273,0.7013803124427795,-0.21900679171085358,0.5988559126853943,0.7170385718345642,-0.41981035470962524,0.6208609342575073,0.6988591551780701,-0.18576686084270477,0.6025635004043579,0.7117607593536377,-0.38621050119400024,0.533075749874115,0.6105916500091553,0.08720581978559494,0.519981861114502,0.6215835809707642,-0.08713223785161972,0.5589098334312439,0.6708984375,0.08971462398767471,0.537300169467926,0.6731247901916504,-0.035942137241363525,0.5655378699302673,0.7179477214813232,0.2311689406633377,0.5570523738861084,0.7243479490280151,0.07206571847200394,0.5557783842086792,0.7282750606536865,0.2413577288389206,0.5493334531784058,0.7336949706077576,0.0753440335392952,0.5972461700439453,0.729716956615448,0.16422437131404877,0.5916974544525146,0.7340936064720154,-0.030926240608096123,bending
0.6313062310218811,0.6294376254081726,-0.15783050656318665,0.6375282406806946,0.6272630095481873,-0.15163061022758484,0.6383776068687439,0.6266035437583923,-0.15163655579090118,0.6394029259681702,0.6258730292320251,-0.15172995626926422,0.6360889673233032,0.6274920105934143,-0.18237222731113434,0.6357975602149963,0.6271399259567261,-0.18242090940475464,0.635582685470581,0.6267868280410767,-0.18243297934532166,0.6378149390220642,0.6193757057189941,-0.10234863311052322,0.6335127353668213,0.6213932633399963,-0.24245291948318481,0.6265755295753479,0.6272182464599609,-0.1339118629693985,0.6251977682113647,0.6276362538337708,-0.17510055005550385,0.6186525225639343,0.6074417233467102,-0.0028199823573231697,0.611247181892395,0.6186948418617249,-0.28200995922088623,0.6009891033172607,0.6369761824607849,0.061488162726163864,0.598324179649353,0.6530914306640625,-0.30840617418289185,0.5922996401786804,0.6734118461608887,-0.01920415088534355,0.5946688055992126,0.6853333115577698,-0.1945153772830963,0.5961962938308716,0.6814274191856384,-0.01530537661164999,0.5939014554023743,0.6920961737632751,-0.21087409555912018,0.5941383242607117,0.6813787817955017,-0.05255831405520439,0.5964912176132202,0.6926616430282593,-0.19502992928028107,0.5911135077476501,0.6767483949661255,-0.037499699741601944,0.5957692861557007,0.6900511384010315,-0.1853673756122589,0.5327988862991333,0.6067501902580261,0.08874726295471191,0.5256307125091553,0.6164637207984924,-0.0887572392821312,0.539198637008667,0.6642916202545166,0.07969091087579727,0.5329891443252563,0.6716861128807068,-0.06330029666423798,0.5550051927566528,0.7181122899055481,0.1575625240802765,0.5516455769538879,0.7248619198799133,-0.021781286224722862,0.548797607421875,0.7263048887252808,0.16233497858047485,0.5434072017669678,0.7329702973365784,-0.021891657263040543,0.594273030757904,0.7263038158416748,0.10602303594350815,0.5922827124595642,0.7329264283180237,-0.09923191368579865,bending
0.5703085660934448,0.6383548378944397,0.36182868480682373,0.5696001648902893,0.6367729902267456,0.3799143433570862,0.568230926990509,0.6362884640693665,0.3800038993358612,0.5668249726295471,0.6358097791671753,0.3800170123577118,0.5735280513763428,0.6377044320106506,0.3806562125682831,0.5744897127151489,0.6376847624778748,0.3807450532913208,0.5754899978637695,0.6376948356628418,0.380578875541687,0.5610089898109436,0.6318947076797485,0.41138333082199097,0.5753886699676514,0.6344172954559326,0.41643890738487244,0.5659818053245544,0.6355672478675842,0.3685416579246521,0.5695029497146606,0.6360577344894409,0.36971989274024963,0.5353428721427917,0.6197353005409241,0.35949429869651794,0.5841559171676636,0.630786120891571,0.37401849031448364,0.5182554125785828,0.6245852708816528,0.3593454957008362,0.5982646942138672,0.6467810273170471,0.36258065700531006,0.5077100396156311,0.6427347660064697,0.41776248812675476,0.5942829251289368,0.6686167120933533,0.42814046144485474,0.5063756108283997,0.6472855806350708,0.41991961002349854,0.5933870673179626,0.674185574054718,0.4329979717731476,0.5069389343261719,0.6492071747779846,0.42825260758399963,0.5924313068389893,0.674472451210022,0.4438069462776184,0.5081143379211426,0.6488325595855713,0.4206365942955017,0.589222252368927,0.6736401915550232,0.4318990111351013,0.5460668802261353,0.5949527621269226,-0.004997459705919027,0.575425922870636,0.6065266132354736,0.004930268507450819,0.5745020508766174,0.6064047813415527,-0.24388808012008667,0.597311794757843,0.6361449360847473,-0.14063991606235504,0.5790719985961914,0.6399187445640564,-0.38876819610595703,0.5822424292564392,0.6530339121818542,-0.356759250164032,0.5802174806594849,0.6420082449913025,-0.40855735540390015,0.5783914923667908,0.6499985456466675,-0.3836168646812439,0.5853075385093689,0.6590418815612793,-0.47446122765541077,0.5812984108924866,0.6683715581893921,-0.4550904929637909,bending
0.6339043974876404,0.5818895101547241,-0.36931461095809937,0.638654351234436,0.5780559182167053,-0.3587915301322937,0.6387191414833069,0.5773253440856934,-0.35889866948127747,0.6388098001480103,0.5764976739883423,-0.35908427834510803,0.6366580724716187,0.5782427787780762,-0.39454206824302673,0.6353837251663208,0.5777853727340698,-0.39467117190361023,0.6341694593429565,0.5773215293884277,-0.39477449655532837,0.6317203640937805,0.5707463026046753,-0.27542558312416077,0.6265608072280884,0.5734522938728333,-0.43566930294036865,0.62693190574646,0.5814052224159241,-0.3313256502151489,0.6242415904998779,0.58144611120224,-0.3785133957862854,0.6109086871147156,0.5662526488304138,-0.12902911007404327,0.5867339968681335,0.5822073221206665,-0.4232844114303589,0.5980886220932007,0.5987269282341003,-0.032663941383361816,0.5847248435020447,0.6178195476531982,-0.4453405737876892,0.6070793867111206,0.6333016753196716,-0.10417037457227707,0.5918474793434143,0.6495517492294312,-0.3990344703197479,0.6056247353553772,0.6395485997200012,-0.10816843062639236,0.5919034481048584,0.6555323004722595,-0.4324624240398407,0.6037431359291077,0.6415619850158691,-0.15117131173610687,0.5945954918861389,0.6554091572761536,-0.4320563077926636,0.6011717319488525,0.6406226754188538,-0.12419946491718292,0.5943177342414856,0.6535809636116028,-0.397316575050354,0.5434265732765198,0.606712281703949,0.0963050127029419,0.5285354256629944,0.6166433691978455,-0.09609412401914597,0.5702330470085144,0.6600056886672974,0.05868234485387802,0.5529140830039978,0.6672329306602478,-0.1259223073720932,0.5613684058189392,0.7094163298606873,0.16196277737617493,0.5576476454734802,0.7205174565315247,-0.07006741315126419,0.5537965893745422,0.7195625901222229,0.16782031953334808,0.5470598340034485,0.7313958406448364,-0.07035525143146515,0.6018598675727844,0.7224892973899841,0.10359072685241699,0.5960943102836609,0.7321862578392029,-0.16088111698627472,bending
0.6254754662513733,0.5651021599769592,-0.17207570374011993,0.62698894739151,0.5605706572532654,-0.15949659049510956,0.6266430020332336,0.5600716471672058,-0.15957996249198914,0.6261975169181824,0.559537410736084,-0.1596779078245163,0.625958263874054,0.5607154369354248,-0.1963271200656891,0.6250144839286804,0.560384213924408,-0.19639898836612701,0.6239278316497803,0.560043454170227,-0.19647468626499176,0.6164640784263611,0.556632399559021,-0.08977623283863068,0.6129614114761353,0.5579777956008911,-0.2543966770172119,0.6189388632774353,0.566696047782898,-0.14164593815803528,0.6173679828643799,0.5669153928756714,-0.18988251686096191,0.5888283848762512,0.5680240392684937,0.02372557856142521,0.5846025943756104,0.5779297947883606,-0.304802805185318,0.5901151299476624,0.604877769947052,0.07659533619880676,0.588169276714325,0.616467297077179,-0.3641083836555481,0.601309597492218,0.6376361846923828,-0.012018296867609024,0.5965856909751892,0.6448395848274231,-0.33410513401031494,0.6049659848213196,0.645247220993042,-0.013221596367657185,0.598270058631897,0.652620792388916,-0.3689349591732025,0.6058763265609741,0.646115779876709,-0.05169631168246269,0.6004413366317749,0.6516897678375244,-0.35594791173934937,0.6043910980224609,0.6440770626068115,-0.031822167336940765,0.5995259881019592,0.6493473052978516,-0.3280501067638397,0.5426331758499146,0.6202464699745178,0.10403745621442795,0.5405707955360413,0.628305196762085,-0.10393224656581879,0.5748729109764099,0.66499924659729,0.08092997223138809,0.5749372839927673,0.6731579303741455,-0.0963137075304985,0.5630100965499878,0.7151827812194824,0.15362684428691864,0.5649509429931641,0.7271440029144287,-0.045942626893520355,0.5532326102256775,0.7299373745918274,0.15696066617965698,0.5527787804603577,0.7366968989372253,-0.04672536998987198,0.6051821112632751,0.7299847602844238,0.10376814752817154,0.6056276559829712,0.736370861530304,-0.12182850390672684,bending
0.6176347732543945,0.5530970096588135,-0.1548684984445572,0.6145142912864685,0.5480426549911499,-0.14557796716690063,0.6135273575782776,0.5478255748748779,-0.14559997618198395,0.6124699711799622,0.547612190246582,-0.14560624957084656,0.6138138175010681,0.5483508110046387,-0.17811445891857147,0.6125015616416931,0.5483118295669556,-0.17816224694252014,0.6110748648643494,0.5482814908027649,-0.1782371699810028,0.601129412651062,0.5489518642425537,-0.08399708569049835,0.600225031375885,0.5496569275856018,-0.23023810982704163,0.6115785837173462,0.5572283267974854,-0.1267191618680954,0.6104844808578491,0.5572399497032166,-0.16938923299312592,0.5808358788490295,0.5692336559295654,0.027018824592232704,0.5847784280776978,0.5758917927742004,-0.28638264536857605,0.5858297944068909,0.6061567664146423,0.07649387419223785,0.594184935092926,0.612305760383606,-0.32932865619659424,0.5985044240951538,0.6355416178703308,0.012947536073625088,0.6064765453338623,0.6412816643714905,-0.28392839431762695,0.604080080986023,0.6432692408561707,0.00953295174986124,0.6099624037742615,0.6493478417396545,-0.3122173249721527,0.6062601208686829,0.6436470746994019,-0.019825970754027367,0.6131484508514404,0.6487264037132263,-0.3051598370075226,0.6046193242073059,0.6408358812332153,-0.003267805790528655,0.611581563949585,0.6459102034568787,-0.27977699041366577,0.569002091884613,0.6319048404693604,0.10333841294050217,0.5708994269371033,0.6357924938201904,-0.1035885289311409,0.5839301347732544,0.6796677708625793,0.2084231674671173,0.5848304629325867,0.6822537779808044,-0.03537091985344887,0.5719724893569946,0.7252139449119568,0.3479578197002411,0.5693143606185913,0.7304033637046814,0.06234867498278618,0.563849151134491,0.7323350310325623,0.35895559191703796,0.5593116283416748,0.7377207279205322,0.06757381558418274,0.6072363257408142,0.7342666983604431,0.31834277510643005,0.6061195731163025,0.7397122383117676,-0.009488547220826149,bending
